club_id,club,address,latitude,longitude,match_type,precision,matched_address
not-a-running-club,Not A Running Club,"Co-op Food, Burton Road, West Didsbury",53.4259642,-2.2428643,shop,venue,"Co-op, 175, Burton Road, West Didsbury, Manchester, Greater Manchester, England, M20 2LN, United Kingdom"
tiny-moves,Tiny Moves,Manchester city centre,53.4880867,-2.2441724,leisure,area,"AO Arena, Hunts Bank, Medieval Quarter, City Centre, Manchester, Greater Manchester, England, M3 1AR, United Kingdom"
just-a-run-club,Just A Run Club,"Castlefield, Greater Manchester",53.4758224,-2.2557001,neighbourhood,area,"Castlefield, City Centre, Manchester, Greater Manchester, England, United Kingdom"
redacted-run-club,Redacted Run Club,"Heaton Park, Greater Manchester",53.534625,-2.2560869,park,area,"Heaton Park, Manchester, Greater Manchester, England, United Kingdom"
manchester-frontrunners,Manchester Frontrunners,Manchester city centre,53.4880867,-2.2441724,leisure,area,"AO Arena, Hunts Bank, Medieval Quarter, City Centre, Manchester, Greater Manchester, England, M3 1AR, United Kingdom"
mile-shy-club,Mile Shy Club,"Moss Side, Greater Manchester",53.4547635,-2.2442531,suburb,area,"Moss Side, Manchester, Greater Manchester, England, M14 4RP, United Kingdom"
didsbury-runners,Didsbury Runners,"Didsbury, Greater Manchester",53.4168134,-2.2321381,suburb,area,"Didsbury, Manchester, Greater Manchester, England, M20 2AY, United Kingdom"
ancoats-run-club,Ancoats Run Club,"Ancoats, Greater Manchester",53.4849976,-2.2276032,suburb,area,"Ancoats, Manchester, Greater Manchester, England, United Kingdom"
mcr-harriers,MCR Harriers,"Wythenshawe, Greater Manchester",53.3803596,-2.2632079,town,area,"Wythenshawe, Manchester, Greater Manchester, England, M22 5RE, United Kingdom"
sale-harriers,Sale Harriers,"Sale, Greater Manchester",53.4244939,-2.318415,town,area,"Sale, Trafford, Greater Manchester, England, M33 2AB, United Kingdom"
trafford-ac,Trafford AC,"Stretford, Greater Manchester",53.4477056,-2.32344,town,area,"Stretford, Trafford, Greater Manchester, England, M32 9HP, United Kingdom"
mcr-ymca-harriers,MCR YMCA Harriers,"Deansgate, Greater Manchester",53.4741781,-2.2510902,building,area,"Deansgate, Hewitt Street, First Street, City Centre, Manchester, Greater Manchester, England, M15 4GB, United Kingdom"
blackley-north-mcr-ac,Blackley + North MCR AC,"Charlestown, Greater Manchester",53.5265818,-2.1953926,suburb,area,"Charlestown, Manchester, Greater Manchester, England, M9 7AN, United Kingdom"
salford-met-ac,Salford Met AC,"Eccles, Greater Manchester",53.4840887,-2.3375175,town,area,"Eccles, Salford, Greater Manchester, England, M30 0PW, United Kingdom"
belle-vue-racers,Belle Vue Racers,"Ancoats, Greater Manchester",53.4849976,-2.2276032,suburb,area,"Ancoats, Manchester, Greater Manchester, England, United Kingdom"
salford-harriers,Salford Harriers,"Ancoats, Greater Manchester",53.4849976,-2.2276032,suburb,area,"Ancoats, Manchester, Greater Manchester, England, United Kingdom"
chorlton-runners,Chorlton Runners,"Chorlton, Greater Manchester",53.4404341,-2.2844155,political,area,"Chorlton, Manchester, Greater Manchester, England, United Kingdom"
winston-runners,Winston Runners,"Wythenshawe, Greater Manchester",53.3803596,-2.2632079,town,area,"Wythenshawe, Manchester, Greater Manchester, England, M22 5RE, United Kingdom"
sale-dragons,Sale Dragons,"Altrincham, Greater Manchester",53.3839662,-2.3525463,town,area,"Altrincham, Trafford, Greater Manchester, England, WA14 2DW, United Kingdom"
swinton-running-club,Swinton Running Club,"Eccles, Greater Manchester",53.4840887,-2.3375175,town,area,"Eccles, Salford, Greater Manchester, England, M30 0PW, United Kingdom"
prestwich-ac,Prestwich AC,"Prestwich, Greater Manchester",53.5304274,-2.2960186,town,area,"Prestwich, Bury, Greater Manchester, England, M25 3JT, United Kingdom"
stockport-harriers,Stockport Harriers,"Stockport, Greater Manchester",53.407901,-2.160243,town,area,"Stockport, Greater Manchester, England, SK1 3FZ, United Kingdom"
altrincham-ac,Altrincham AC,"Altrincham, Greater Manchester",53.3839662,-2.3525463,town,area,"Altrincham, Trafford, Greater Manchester, England, WA14 2DW, United Kingdom"
oldham-and-royton-harriers,Oldham & Royton Harriers,"Oldham, Greater Manchester",53.5415797,-2.1147831,town,area,"Oldham, Greater Manchester, England, OL1 1HE, United Kingdom"
radcliffe-ac,Radcliffe AC,"Radcliffe, Greater Manchester",53.5593382,-2.3261546,town,area,"Radcliffe, Bury, Greater Manchester, England, M26 1NR, United Kingdom"
assheton-bowmen,Assheton Bowmen,"Charlestown, Greater Manchester",53.5265818,-2.1953926,suburb,area,"Charlestown, Manchester, Greater Manchester, England, M9 7AN, United Kingdom"
moorside-archery-club,Moorside Archery Club,"Swinton, Greater Manchester",53.5095363,-2.3417975,town,area,"Swinton, Salford, Greater Manchester, England, M27 0WN, United Kingdom"
eccles-archery-club,Eccles Archery Club,"Eccles, Greater Manchester",53.4840887,-2.3375175,town,area,"Eccles, Salford, Greater Manchester, England, M30 0PW, United Kingdom"
mcr-titans-mens,MCR Titans (mens),"Longsight, Greater Manchester",53.4570594,-2.2053626,suburb,area,"Longsight, Manchester, Greater Manchester, England, M13 0YD, United Kingdom"
mcr-titans-womens,MCR Titans (womens),"Droylsden, Greater Manchester",53.4786034,-2.1491964,town,area,"Droylsden, Tameside, Greater Manchester, England, M43 6GN, United Kingdom"
rochdale-company-of-archers,Rochdale Company of Archers,"Rochdale, Greater Manchester",53.6153659,-2.1557561,town,area,"Rochdale, Greater Manchester, England, OL16 1NL, United Kingdom"
spinners-mill-archers,Spinners Mill Archers,"Leigh Spinners Mill, Leigh",53.4931332,-2.4929817,building,venue,"Leigh Spinners Mill, Park Lane, Hooten Gardens, Bedford, Leigh, Wigan, Greater Manchester, England, WN7 2LB, United Kingdom"
stalybridge-archery-club,Stalybridge Archery Club,"Stalybridge, Greater Manchester",53.4840214,-2.0562536,town,area,"Stalybridge, Tameside, Greater Manchester, England, SK15 1JU, United Kingdom"
wigan-orrell-archers,Wigan & Orrell Archers,"Wigan, Greater Manchester",53.546215,-2.6319112,town,area,"Wigan, Greater Manchester, England, WN1 1NR, United Kingdom"
bolton-united-harriers-athletics-club,Bolton United Harriers & Athletics Club,"Leverhulme Park athletics track, Bolton, BL2 6EB",53.5741596,-2.3948788,leisure,venue,"Leverhulme Park Athletics Track, Long Lane, Darcy Lever, Farnworth, Bolton, Greater Manchester, England, BL2 6SB, United Kingdom"
bury-athletic-club,Bury Athletic Club,"Bury, Greater Manchester",53.5927543,-2.2972827,town,area,"Bury, Greater Manchester, England, BL9 0AJ, United Kingdom"
rochdale-harriers-ac,Rochdale Harriers & AC,"Rochdale, Greater Manchester",53.6153659,-2.1557561,town,area,"Rochdale, Greater Manchester, England, OL16 1NL, United Kingdom"
wigan-harriers,Wigan Harriers,"Wigan, Greater Manchester",53.546215,-2.6319112,town,area,"Wigan, Greater Manchester, England, WN1 1NR, United Kingdom"
bolton-clarion-cycling-club,Bolton Clarion Cycling Club,"Bolton, Greater Manchester",53.5782863,-2.4300367,town,area,"Bolton, Greater Manchester, England, BL1 1RU, United Kingdom"
bury-clarion-cycling-club,Bury Clarion Cycling Club,"Bury, Greater Manchester",53.5927543,-2.2972827,town,area,"Bury, Greater Manchester, England, BL9 0AJ, United Kingdom"
chorlton-velo,Chorlton Velo,"Woodstock, Didsbury",53.4217058,-2.2456733,amenity,venue,"The Woodstock Arms, 139, Barlow Moor Road, West Didsbury, Manchester, Greater Manchester, England, M20 2DY, United Kingdom"
manchester-wheelers,Manchester Wheelers,"The Gateway pub, Didsbury",53.408107,-2.2204401,amenity,venue,"The Gateway, 882, Wilmslow Road, Parrs Wood, Didsbury, Manchester, Greater Manchester, England, M20 5PG, United Kingdom"
rochdale-cycling-club,Rochdale Cycling Club,"Spotland, Rochdale",53.6207953,-2.1799129,leisure,area,"Crown Oil Arena, Willbutts Lane, Spotland Bridge, Rochdale, Greater Manchester, England, OL11 5DB, United Kingdom"
stockport-clarion-cycling-club,Stockport Clarion Cycling Club,"Stockport, Greater Manchester",53.407901,-2.160243,town,area,"Stockport, Greater Manchester, England, SK1 3FZ, United Kingdom"
stockport-community-cycling-club,Stockport Community Cycling Club,"Stockport, Greater Manchester",53.407901,-2.160243,town,area,"Stockport, Greater Manchester, England, SK1 3FZ, United Kingdom"
wigan-wheelers-and-triathlon-club,Wigan Wheelers and Triathlon Club,"Wigan, Greater Manchester",53.546215,-2.6319112,town,area,"Wigan, Greater Manchester, England, WN1 1NR, United Kingdom"
wythenshawe-wheelers-cycling-club,Wythenshawe Wheelers Cycling Club,"Wythenshawe, Greater Manchester",53.3803596,-2.2632079,town,area,"Wythenshawe, Manchester, Greater Manchester, England, M22 5RE, United Kingdom"
beswick-community-football-club-pd-coaching,Beswick Community Football Club / PD Coaching,"Beswick, Greater Manchester",53.4772765,-2.2052143,suburb,area,"Beswick, Manchester, Greater Manchester, England, M11 3DN, United Kingdom"
bury-amateurs-afc,Bury Amateurs AFC,"Prestwich, Greater Manchester",53.5304274,-2.2960186,town,area,"Prestwich, Bury, Greater Manchester, England, M25 3JT, United Kingdom"
bury-football-club,Bury Football Club,"Bury, Greater Manchester",53.5927543,-2.2972827,town,area,"Bury, Greater Manchester, England, BL9 0AJ, United Kingdom"
manchester-football-dreams,Manchester Football Dreams,"Radcliffe, Greater Manchester",53.5593382,-2.3261546,town,area,"Radcliffe, Bury, Greater Manchester, England, M26 1NR, United Kingdom"
radcliffe-borough-juniors,Radcliffe Borough Juniors,"Radcliffe, Greater Manchester",53.5593382,-2.3261546,town,area,"Radcliffe, Bury, Greater Manchester, England, M26 1NR, United Kingdom"
radcliffe-juniors-fc,Radcliffe Juniors FC,"Radcliffe, Greater Manchester",53.5593382,-2.3261546,town,area,"Radcliffe, Bury, Greater Manchester, England, M26 1NR, United Kingdom"
ramsbottom-united-jfc,Ramsbottom United JFC,"Ramsbottom, Greater Manchester",53.648383,-2.315696,town,area,"Ramsbottom, Bury, Greater Manchester, England, BL0 9BP, United Kingdom"
seedfield-fc,Seedfield FC,"Seedfield, Bury",53.6095847,-2.2992193,wood,area,"Seedfield Wood, Woodhill, Fernhill, Limefield, Bury, Greater Manchester, England, United Kingdom"
warth-fold-and-redvales-community-sports-club,Warth Fold and Redvales Community Sports Club,"Redvales, Bury",53.5757428,-2.2978435,suburb,area,"Redvales, Hollins, Bury, Greater Manchester, England, BL9 9SQ, United Kingdom"
westbury-sports-club,Westbury Sports Club,"Bury, Greater Manchester",53.5927543,-2.2972827,town,area,"Bury, Greater Manchester, England, BL9 0AJ, United Kingdom"
wythenshawe-football-club,Wythenshawe Football Club,"Wythenshawe, Greater Manchester",53.3803596,-2.2632079,town,area,"Wythenshawe, Manchester, Greater Manchester, England, M22 5RE, United Kingdom"
didsbury-northern-hockey-club,Didsbury Northern Hockey Club,"Didsbury, Greater Manchester",53.4168134,-2.2321381,suburb,area,"Didsbury, Manchester, Greater Manchester, England, M20 2AY, United Kingdom"
oldham-hockey-club,Oldham Hockey Club,"Newman RC College, Broadway, Chadderton, OL9 9QY",53.5376564,-2.1535553,amenity,venue,"Saint John Henry Newman Roman Catholic College, Broadway, Stock Brook, Nimble Nook, Chadderton, Oldham, Greater Manchester, England, OL9 9QY, United Kingdom"
south-manchester-hockey-club,South Manchester Hockey Club,CHS South,53.4369385,-2.2588507,amenity,venue,"CHS South, 451, Mauldeth Road West, Whalley Range, Manchester, Greater Manchester, England, M21 7SX, United Kingdom"
stockport-bramhall-hockey-club,Stockport Bramhall Hockey Club,"Bramhall High School, Seal Road, Bramhall, SK7 2JT",53.367182,-2.1505244,amenity,venue,"Bramhall High School, Seal Road, Pownall Green, Bramhall Moor, Bramhall, Stockport, Greater Manchester, England, SK7 2JT, United Kingdom"
wigan-hockey-club,Wigan Hockey Club,"Wigan, Greater Manchester",53.546215,-2.6319112,town,area,"Wigan, Greater Manchester, England, WN1 1NR, United Kingdom"
bowdon-club,Bowdon Club,"Bowdon, Greater Manchester",53.3760258,-2.3653395,suburb,area,"Bowdon, Altrincham, Trafford, Greater Manchester, England, WA14 3LZ, United Kingdom"
bowdon-club-squash,Bowdon Club,"Bowdon, Greater Manchester",53.3760258,-2.3653395,suburb,area,"Bowdon, Altrincham, Trafford, Greater Manchester, England, WA14 3LZ, United Kingdom"
belle-vue-racers-running,Belle Vue Racers,"Sportcity, Greater Manchester",53.4868459,-2.2022818,road,area,"Sportcity Way, Bradford, Manchester, Greater Manchester, England, M11 3DU, United Kingdom"
chorlton-runners-running,Chorlton Runners,"Bowling Green pub, Chorlton",53.4373038,-2.2830062,amenity,venue,"Bowling Green Chorlton, Brookburn Road, Chorlton-cum-Hardy, Manchester, Greater Manchester, England, M21 9ES, United Kingdom"
royton-road-runners,Royton Road Runners,Royton Cricket Club,53.5674154,-2.1311837,leisure,venue,"Royton Cricket Crown Green Bowls Club, Denbydale Way, High Crompton, Thorp, Royton, Oldham, Greater Manchester, England, OL2 5TN, United Kingdom"
cheetham-hill-squash,Cheetham Hill Squash,"Cheetham Hill Sports Club, Catherine Road, Manchester, M8 4HF",53.5181896,-2.2528456,leisure,venue,"Cheetham Hill Sports Club, Catherine Road, Crumpsall, Manchester, Greater Manchester, England, M8 4HF, United Kingdom"
manchester-tennis-racquet-club,Manchester Tennis & Racquet Club,"33 Blackfriars Road, Salford, M3 7AQ",53.4860925,-2.2524519,club,venue,"Manchester Tennis & Racquet Club, 33, Blackfriars Road, Trinity, Blackfriars, City Centre, Salford, Greater Manchester, England, M3 7AQ, United Kingdom"
south-manchester-squash-racketball-club,South Manchester Squash & Racketball Club,"Hough End Leisure Centre, 480 Princess Road, Manchester, M20 1HD",53.4361524,-2.246104,leisure,venue,"Hough End Leisure Centre, 480, Princess Road, West Didsbury, Manchester, Greater Manchester, England, M20 1HD, United Kingdom"
the-northern,The Northern,"Didsbury, Greater Manchester",53.4168134,-2.2321381,suburb,area,"Didsbury, Manchester, Greater Manchester, England, M20 2AY, United Kingdom"
markland-hill-racquets-club,Markland Hill Racquets Club,"Markland Hill, Bolton",53.5824926,-2.4792738,suburb,area,"Markland Hill, Bolton, Greater Manchester, England, BL1 5BD, United Kingdom"
markland-hill-racquets-club-table-tennis,Markland Hill Racquets Club,"Markland Hill, Bolton",53.5824926,-2.4792738,suburb,area,"Markland Hill, Bolton, Greater Manchester, England, BL1 5BD, United Kingdom"
affinity-table-tennis-club,Affinity Table Tennis Club,Fallowfield Tennis Club,53.438957,-2.2242988,leisure,venue,"Fallowfield Bowling and Lawn Tennis Club, 81, Wellington Road, Fallowfield, Manchester, Greater Manchester, England, M14 6BN, United Kingdom"
flixton-table-tennis-flixton-cricket-and-sports-club,Flixton Table Tennis / Flixton Cricket and Sports Club,"Flixton, Greater Manchester",53.4437085,-2.3839554,railway,area,"Flixton, Bottom's Path, Davyhulme, Flixton, Trafford, Greater Manchester, England, M41 6JH, United Kingdom"
marple-sports-club-table-tennis,Marple Sports Club Table Tennis,"Marple, Greater Manchester",53.3930149,-2.0693132,town,area,"Marple, Stockport, Greater Manchester, England, SK6 6DB, United Kingdom"
manchester-foxes,Manchester Foxes,"Hough End Leisure Centre, 480 Princess Road, Manchester, M20 1HD",53.4361524,-2.246104,leisure,venue,"Hough End Leisure Centre, 480, Princess Road, West Didsbury, Manchester, Greater Manchester, England, M20 1HD, United Kingdom"
manchester-social-touch-rugby,Manchester Social Touch Rugby,"Stretford, Greater Manchester",53.4477056,-2.32344,town,area,"Stretford, Trafford, Greater Manchester, England, M32 9HP, United Kingdom"
manchester-village-spartans-touch,Manchester Village Spartans Touch,"Sale, Greater Manchester",53.4244939,-2.318415,town,area,"Sale, Trafford, Greater Manchester, England, M33 2AB, United Kingdom"
duffa,DUFFA,"Fog Lane Park, Didsbury",53.4236433,-2.222404,park,venue,"Fog Lane Park, Didsbury, Manchester, Greater Manchester, England, United Kingdom"
bolton-bulls,Bolton Bulls,"Bolton, Greater Manchester",53.5782863,-2.4300367,town,area,"Bolton, Greater Manchester, England, BL1 1RU, United Kingdom"
manchester-revolution,Manchester Revolution,"Gorton, Greater Manchester",53.4689321,-2.1677485,railway,area,"Gorton, Longford Street, Gorton, Manchester, Greater Manchester, England, M18 8QG, United Kingdom"
